,A-1,A-2,A-3,A-4,B-1,B-2,B-3,B-4,C-1,C-2,C-3,C-4,D-1,D-2,D-3,D-4
date,A1:41,A2:40,A3:39,A4:48,B1:49,B2:50,B3:38,B4:51,C1:45,C2:44,C3:46,C4:47,D1:37,D2:43,D3:42,D4:52
15-Nov-25,0.3,0.3,0.3,0.3,0.3,0.3,0.3,0.3,0.3,0.3,0.3,0.3,0.3,0.3,0.3,0.3
16-Nov-25,0.3,0.3,0.3,0.3,0.3,0.3,0.3,0.3,0.3,0.3,0.3,0.3,0.3,0.3,0.3,0.3
17-Nov-25,0.3,0.3,0.3,0.3,0.3,0.3,0.3,0.3,0.3,0.3,0.3,0.3,0.3,0.3,0.3,0.3
18-Nov-25,0.3,0.3,0.3,0.3,0.3,0.3,0.3,0.3,0.3,0.3,0.3,0.3,0.3,0.3,0.3,0.3
19-Nov-25,0.3,0.3,0.3,0.3,0.3,0.3,0.3,0.3,0.3,0.3,0.3,0.3,0.3,0.3,0.3,0.3
20-Nov-25,0.3,0.3,0.3,0.3,0.3,0.3,0.3,0.3,0.3,0.3,0.3,0.3,0.3,0.3,0.3,0.3
21-Nov-25,0.3,0.3,0.3,0.3,0.3,0.3,0.3,0.3,0.3,0.3,0.3,0.3,0.3,0.3,0.3,0.3
22-Nov-25,0.3,0.3,0.3,0.3,0.3,0.3,0.3,0.3,0.3,0.3,0.3,0.3,0.3,0.3,0.3,0.3
23-Nov-25,0.3,0.3,0.3,0.3,0.3,0.3,0.3,0.3,0.3,0.3,0.3,0.3,0.3,0.3,0.3,0.3
24-Nov-25,0.3,0.3,0.3,0.3,0.3,0.3,0.3,0.3,0.3,0.3,0.3,0.3,0.3,0.3,0.3,0.3
25-Nov-25,0.3,0.3,0.3,0.3,0.3,0.3,0.3,0.3,0.3,0.3,0.3,0.3,0.3,0.3,0.3,0.3
26-Nov-25,0.3,0.3,0.3,0.3,0.3,0.3,0.3,0.3,0.3,0.3,0.3,0.3,0.3,0.3,0.3,0.3
27-Nov-25,0.3,0.3,0.3,0.3,0.3,0.3,0.3,0.3,0.3,0.3,0.3,0.3,0.3,0.3,0.3,0.3
28-Nov-25,0.3,0.3,0.3,0.3,0.3,0.3,0.3,0.3,0.3,0.3,0.3,0.3,0.3,0.3,0.3,0.3
29-Nov-25,0.3,0.3,0.3,0.3,0.3,0.3,0.3,0.3,0.3,0.3,0.3,0.3,0.3,0.3,0.3,0.3
30-Nov-25,0.3,0.3,0.3,0.3,0.3,0.3,0.3,0.3,0.3,0.3,0.3,0.3,0.3,0.3,0.3,0.3
1-Dec-25,0.3,0.3,0.3,0.3,0.3,0.3,0.3,0.3,0.3,0.3,0.3,0.3,0.3,0.3,0.3,0.3
2-Dec-25,0.3,0.3,0.3,0.3,0.3,0.3,0.3,0.3,0.3,0.3,0.3,0.3,0.3,0.3,0.3,0.3
3-Dec-25,0.3,0.3,0.3,0.3,0.3,0.3,0.3,0.3,0.3,0.3,0.3,0.3,0.3,0.3,0.3,0.3
4-Dec-25,0.3,0.3,0.3,0.3,0.3,0.3,0.3,0.3,0.3,0.3,0.3,0.3,0.3,0.3,0.3,0.3
5-Dec-25,0.3,0.3,0.3,0.3,0.3,0.3,0.3,0.3,0.3,0.3,0.3,0.3,0.3,0.3,0.3,0.3
6-Dec-25,0.3,0.3,0.3,0.3,0.3,0.3,0.3,0.3,0.3,0.3,0.3,0.3,0.3,0.3,0.3,0.3
7-Dec-25,0.3,0.3,0.3,0.3,0.3,0.3,0.3,0.3,0.3,0.3,0.3,0.3,0.3,0.3,0.3,0.3
8-Dec-25,0.3,0.3,0.3,0.3,0.3,0.3,0.3,0.3,0.3,0.3,0.3,0.3,0.3,0.3,0.3,0.3
9-Dec-25,0.3,0.3,0.3,0.3,0.3,0.3,0.3,0.3,0.3,0.3,0.3,0.3,0.3,0.3,0.3,0.3
10-Dec-25,0.3,0.3,0.3,0.3,0.3,0.3,0.3,0.3,0.3,0.3,0.3,0.3,0.3,0.3,0.3,0.3
11-Dec-25,0.3,0.3,0.3,0.3,0.3,0.3,0.3,0.3,0.3,0.3,0.3,0.3,0.3,0.3,0.3,0.3
12-Dec-25,0.3,0.3,0.3,0.3,0.3,0.3,0.3,0.3,0.3,0.3,0.3,0.3,0.3,0.3,0.3,0.3
13-Dec-25,0.3,0.3,0.3,0.3,0.3,0.3,0.3,0.3,0.3,0.3,0.3,0.3,0.3,0.3,0.3,0.3
14-Dec-25,0.3,0.3,0.3,0.3,0.3,0.3,0.3,0.3,0.3,0.3,0.3,0.3,0.3,0.3,0.3,0.3
15-Dec-25,0.3,0.3,0.3,0.3,0.3,0.3,0.3,0.3,0.3,0.3,0.3,0.3,0.3,0.3,0.3,0.3
16-Dec-25,0.3,0.3,0.3,0.3,0.3,0.3,0.3,0.3,0.3,0.3,0.3,0.3,0.3,0.3,0.3,0.3
17-Dec-25,0.3,0.3,0.3,0.3,0.3,0.3,0.3,0.3,0.3,0.3,0.3,0.3,0.3,0.3,0.3,0.3
18-Dec-25,0.3,0.3,0.3,0.3,0.3,0.3,0.3,0.3,0.3,0.3,0.3,0.3,0.3,0.3,0.3,0.3
19-Dec-25,0.3,0.3,0.3,0.3,0.3,0.3,0.3,0.3,0.3,0.3,0.3,0.3,0.3,0.3,0.3,0.3
20-Dec-25,0.3,0.3,0.3,0.3,0.3,0.3,0.3,0.3,0.3,0.3,0.3,0.3,0.3,0.3,0.3,0.3
21-Dec-25,0.3,0.3,0.3,0.3,0.3,0.3,0.3,0.3,0.3,0.3,0.3,0.3,0.3,0.3,0.3,0.3
22-Dec-25,0.3,0.3,0.3,0.3,0.3,0.3,0.3,0.3,0.3,0.3,0.3,0.3,0.3,0.3,0.3,0.3
23-Dec-25,0.3,0.3,0.3,0.3,0.3,0.3,0.3,0.3,0.3,0.3,0.3,0.3,0.3,0.3,0.3,0.3
24-Dec-25,0.3,0.3,0.3,0.3,0.3,0.3,0.3,0.3,0.3,0.3,0.3,0.3,0.3,0.3,0.3,0.3
25-Dec-25,0.3,0.3,0.3,0.3,0.3,0.3,0.3,0.3,0.3,0.3,0.3,0.3,0.3,0.3,0.3,0.3
26-Dec-25,0.3,0.3,0.3,0.3,0.3,0.3,0.3,0.3,0.3,0.3,0.3,0.3,0.3,0.3,0.3,0.3
27-Dec-25,0.3,0.3,0.3,0.3,0.3,0.3,0.3,0.3,0.3,0.3,0.3,0.3,0.3,0.3,0.3,0.3
28-Dec-25,0.3,0.3,0.3,0.3,0.3,0.3,0.3,0.3,0.3,0.3,0.3,0.3,0.3,0.3,0.3,0.3
29-Dec-25,0.3,0.3,0.3,0.3,0.3,0.3,0.3,0.3,0.3,0.3,0.3,0.3,0.3,0.3,0.3,0.3
30-Dec-25,0.3,0.3,0.3,0.3,0.3,0.3,0.3,0.3,0.3,0.3,0.3,0.3,0.3,0.3,0.3,0.3
31-Dec-25,0.3,0.3,0.3,0.3,0.3,0.3,0.3,0.3,0.3,0.3,0.3,0.3,0.3,0.3,0.3,0.3
1-Jan-26,0.3,0.3,0.3,0.3,0.3,0.3,0.3,0.3,0.3,0.3,0.3,0.3,0.3,0.3,0.3,0.3
2-Jan-26,0.3,0.3,0.3,0.3,0.3,0.3,0.3,0.3,0.3,0.3,0.3,0.3,0.3,0.3,0.3,0.3
3-Jan-26,0.3,0.3,0.3,0.3,0.3,0.3,0.3,0.3,0.3,0.3,0.3,0.3,0.3,0.3,0.3,0.3
4-Jan-26,0.3,0.3,0.3,0.3,0.3,0.3,0.3,0.3,0.3,0.3,0.3,0.3,0.3,0.3,0.3,0.3
5-Jan-26,0.3,0.3,0.3,0.3,0.3,0.3,0.3,0.3,0.3,0.3,0.3,0.3,0.3,0.3,0.3,0.3
6-Jan-26,0.3,0.3,0.3,0.3,0.3,0.3,0.3,0.3,0.3,0.3,0.3,0.3,0.3,0.3,0.3,0.3
7-Jan-26,0.3,0.3,0.3,0.3,0.3,0.3,0.3,0.3,0.3,0.3,0.3,0.3,0.3,0.3,0.3,0.3
8-Jan-26,0.3,0.3,0.3,0.3,0.3,0.3,0.3,0.3,0.3,0.3,0.3,0.3,0.3,0.3,0.3,0.3
9-Jan-26,0.3,0.3,0.3,0.3,0.3,0.3,0.3,0.3,0.3,0.3,0.3,0.3,0.3,0.3,0.3,0.3
10-Jan-26,0.3,0.3,0.3,0.3,0.3,0.3,0.3,0.3,0.3,0.3,0.3,0.3,0.3,0.3,0.3,0.3
11-Jan-26,0.3,0.3,0.3,0.3,0.3,0.3,0.3,0.3,0.3,0.3,0.3,0.3,0.3,0.3,0.3,0.3
12-Jan-26,0.3,0.3,0.3,0.3,0.3,0.3,0.3,0.3,0.3,0.3,0.3,0.3,0.3,0.3,0.3,0.3
13-Jan-26,0.3,0.3,0.3,0.3,0.3,0.3,0.3,0.3,0.3,0.3,0.3,0.3,0.3,0.3,0.3,0.3
14-Jan-26,0.3,0.3,0.3,0.3,0.3,0.3,0.3,0.3,0.3,0.3,0.3,0.3,0.3,0.3,0.3,0.3
15-Jan-26,0.3,0.3,0.3,0.3,0.3,0.3,0.3,0.3,0.3,0.3,0.3,0.3,0.3,0.3,0.3,0.3
16-Jan-26,0.3,0.3,0.3,0.3,0.3,0.3,0.3,0.3,0.3,0.3,0.3,0.3,0.3,0.3,0.3,0.3
17-Jan-26,0.3,0.3,0.3,0.3,0.3,0.3,0.3,0.3,0.3,0.3,0.3,0.3,0.3,0.3,0.3,0.3
18-Jan-26,0.3,0.3,0.3,0.3,0.3,0.3,0.3,0.3,0.3,0.3,0.3,0.3,0.3,0.3,0.3,0.3
19-Jan-26,0.3,0.3,0.3,0.3,0.3,0.3,0.3,0.3,0.3,0.3,0.3,0.3,0.3,0.3,0.3,0.3
20-Jan-26,0.3,0.3,0.3,0.3,0.3,0.3,0.3,0.3,0.3,0.3,0.3,0.3,0.3,0.3,0.3,0.3
21-Jan-26,0.3,0.3,0.3,0.3,0.3,0.3,0.3,0.3,0.3,0.3,0.3,0.3,0.3,0.3,0.3,0.3
22-Jan-26,0.3,0.3,0.3,0.3,0.3,0.3,0.3,0.3,0.3,0.3,0.3,0.3,0.3,0.3,0.3,0.3
23-Jan-26,0.31,0.3,0.3,0.3,0.3,0.3,0.3,0.3,0.3,0.3,0.3,0.3,0.3,0.3,0.3,0.3
24-Jan-26,0.32,0.3,0.3,0.3,0.3,0.3,0.3,0.3,0.3,0.3,0.3,0.3,0.3,0.3,0.3,0.3
25-Jan-26,0.33,0.3,0.3,0.3,0.3,0.3,0.31,0.3,0.3,0.3,0.3,0.3,0.3,0.3,0.3,0.3
26-Jan-26,0.34,0.3,0.3,0.3,0.3,0.3,0.32,0.3,0.3,0.3,0.3,0.3,0.3,0.3,0.3,0.3
27-Jan-26,0.35,0.3,0.3,0.3,0.3,0.3,0.33,0.3,0.3,0.3,0.3,0.3,0.3,0.3,0.3,0.3
28-Jan-26,0.36,0.3,0.3,0.3,0.31,0.3,0.34,0.3,0.3,0.3,0.3,0.3,0.3,0.3,0.3,0.3
29-Jan-26,0.37,0.3,0.3,0.3,0.32,0.3,0.35,0.3,0.3,0.3,0.3,0.3,0.31,0.3,0.3,0.3
30-Jan-26,0.38,0.3,0.3,0.3,0.33,0.3,0.36,0.31,0.3,0.3,0.3,0.3,0.33,0.3,0.3,0.3
31-Jan-26,0.39,0.3,0.3,0.3,0.34,0.3,0.37,0.33,0.3,0.3,0.3,0.3,0.35,0.3,0.32,0.32
1-Feb-26,0.4,0.3,0.3,0.3,0.35,0.3,0.38,0.35,0.3,0.3,0.3,0.3,0.37,0.3,0.34,0.34
2-Feb-26,0.41,0.3,0.3,0.3,0.36,0.3,0.39,0.37,0.3,0.3,0.3,0.3,0.39,0.3,0.36,0.36
3-Feb-26,0.42,0.3,0.3,0.3,0.37,0.3,0.4,0.39,0.3,0.3,0.3,0.3,0.41,0.3,0.38,0.38
4-Feb-26,0.43,0.3,0.3,0.3,0.38,0.3,0.41,0.41,0.3,0.3,0.3,0.3,0.43,0.3,0.4,0.4
5-Feb-26,0.44,0.3,0.3,0.3,0.39,0.3,0.42,0.43,0.3,0.3,0.3,0.3,0.44,0.3,0.41,0.41
6-Feb-26,0.45,0.3,0.3,0.3,0.4,0.3,0.43,0.45,0.3,0.3,0.3,0.3,0.45,0.3,0.42,0.42
7-Feb-26,0.46,0.3,0.3,0.3,0.41,0.3,0.44,0.47,0.3,0.3,0.3,0.3,0.46,0.3,0.43,0.43
8-Feb-26,0.47,0.3,0.3,0.3,0.42,0.3,0.45,0.48,0.3,0.3,0.3,0.3,0.47,0.3,0.44,0.44
9-Feb-26,0.48,0.3,0.3,0.3,0.43,0.3,0.46,0.49,0.3,0.3,0.3,0.3,0.48,0.3,0.45,0.45
10-Feb-26,0.49,0.3,0.3,0.3,0.44,0.3,0.47,0.5,0.3,0.3,0.3,0.3,0.49,0.3,0.46,0.46
11-Feb-26,0.5,0.3,0.3,0.3,0.45,0.3,0.48,0.51,0.3,0.3,0.3,0.3,0.5,0.3,0.47,0.47
12-Feb-26,0.51,0.3,0.3,0.3,0.46,0.3,0.49,0.52,0.3,0.3,0.3,0.3,0.51,0.3,0.48,0.48
13-Feb-26,0.52,0.3,0.3,0.3,0.47,0.3,0.5,0.53,0.3,0.3,0.3,0.3,0.52,0.3,0.49,0.49
14-Feb-26,0.53,0.3,0.3,0.3,0.48,0.3,0.51,0.54,0.3,0.3,0.3,0.3,0.53,0.3,0.5,0.5
15-Feb-26,0.54,0.3,0.3,0.3,0.49,0.3,0.52,0.55,0.3,0.3,0.3,0.3,0.54,0.3,0.51,0.51
16-Feb-26,0.55,0.3,0.3,0.3,0.5,0.3,0.53,0.56,0.3,0.3,0.3,0.3,0.55,0.3,0.52,0.52
17-Feb-26,0.56,0.3,0.3,0.3,0.51,0.3,0.54,0.57,0.3,0.3,0.3,0.3,0.56,0.3,0.53,0.53
18-Feb-26,0.57,0.3,0.3,0.3,0.52,0.3,0.55,0.58,0.3,0.3,0.3,0.3,0.57,0.3,0.54,0.54
19-Feb-26,0.58,0.3,0.3,0.3,0.53,0.3,0.56,0.59,0.3,0.3,0.3,0.3,0.58,0.3,0.55,0.55
20-Feb-26,0.59,0.3,0.3,0.3,0.54,0.3,0.57,0.6,0.3,0.3,0.3,0.3,0.59,0.3,0.56,0.56
21-Feb-26,0.6,0.3,0.3,0.3,0.55,0.3,0.58,0.61,0.3,0.3,0.3,0.3,0.6,0.3,0.57,0.57
22-Feb-26,0.61,0.3,0.3,0.3,0.56,0.3,0.59,0.62,0.3,0.3,0.3,0.3,0.61,0.3,0.58,0.58
23-Feb-26,0.62,0.3,0.3,0.3,0.57,0.3,0.6,0.63,0.3,0.3,0.3,0.3,0.62,0.3,0.59,0.59
24-Feb-26,0.63,0.3,0.3,0.3,0.58,0.3,0.61,0.64,0.3,0.3,0.3,0.3,0.63,0.3,0.6,0.6
25-Feb-26,0.64,0.3,0.3,0.3,0.59,0.3,0.62,0.65,0.3,0.3,0.3,0.3,0.64,0.3,0.61,0.61
26-Feb-26,0.65,0.3,0.3,0.3,0.6,0.3,0.63,0.66,0.3,0.3,0.3,0.3,0.65,0.3,0.62,0.62
27-Feb-26,0.66,0.3,0.3,0.3,0.61,0.3,0.64,0.67,0.3,0.3,0.3,0.3,0.66,0.3,0.63,0.63
28-Feb-26,0.67,0.3,0.3,0.3,0.62,0.3,0.65,0.68,0.3,0.3,0.3,0.3,0.67,0.3,0.64,0.64